published_at,sport,competition,event,market,selection,model_probability,bookmaker_odds,points_pl,roi
2026-09-09T19:58:02.980882+00:00,football,MLS,Atlanta United FC vs Orlando City SC,match_winner_1x2,p1,0.4482,,,
2026-09-09T19:58:02.980882+00:00,football,MLS,CF Montréal vs Charlotte FC,match_winner_1x2,p1,0.3833,,,
2026-09-09T19:58:02.980882+00:00,football,MLS,D.C. United vs Columbus Crew,match_winner_1x2,p1,0.3963,,,
2026-09-09T19:58:02.980882+00:00,football,MLS,Toronto FC vs Nashville SC,match_winner_1x2,p2,0.464,,,
2026-09-09T19:58:02.980882+00:00,football,MLS,Philadelphia Union vs FC Cincinnati,match_winner_1x2,p1,0.6029,,,
2026-09-09T19:58:02.980882+00:00,football,MLS,New York City FC vs New England Revolution,match_winner_1x2,p1,0.3734,,,
2026-09-09T19:58:02.980882+00:00,football,MLS,Austin FC vs Colorado Rapids,match_winner_1x2,p1,0.3866,,,
2026-09-09T19:58:02.980882+00:00,football,MLS,Chicago Fire FC vs Inter Miami CF,match_winner_1x2,p1,0.4265,,,
2026-09-09T19:58:02.980882+00:00,football,MLS,Houston Dynamo FC vs Real Salt Lake,match_winner_1x2,p1,0.5267,,,
2026-09-09T19:58:02.980882+00:00,football,MLS,Minnesota United FC vs FC Dallas,match_winner_1x2,p1,0.4713,,,
2026-09-09T19:58:02.980882+00:00,football,MLS,LAFC vs Red Bull New York,match_winner_1x2,p1,0.6775,,,
2026-09-09T19:58:02.980882+00:00,football,MLS,Portland Timbers vs St. Louis CITY SC,match_winner_1x2,p2,0.3834,,,
2026-09-09T19:58:02.980882+00:00,football,MLS,San Diego FC vs San Jose Earthquakes,match_winner_1x2,p1,0.5735,,,
2026-09-09T19:58:02.980882+00:00,football,MLS,Vancouver Whitecaps vs LA Galaxy,match_winner_1x2,p1,0.7155,,,
2026-09-09T19:58:02.980882+00:00,football,Bundesliga,1. FC Union Berlin vs Schalke 04,match_winner_1x2,p1,0.4373,,,
2026-09-09T19:58:02.980882+00:00,football,Ligue 1,Stade Rennais vs Marseille,match_winner_1x2,p1,0.4625,,,
2026-09-09T19:58:02.980882+00:00,football,Serie A,Venezia vs Fiorentina,match_winner_1x2,p2,0.4048,,,
2026-09-09T19:58:02.980882+00:00,football,La Liga,Sevilla vs Valencia,match_winner_1x2,p1,0.4697,,,
2026-09-09T19:58:02.980882+00:00,football,EPL,AFC Bournemouth vs Brentford,match_winner_1x2,p1,0.3765,,,
2026-09-09T19:58:02.980882+00:00,football,EPL,Aston Villa vs Nottingham Forest,match_winner_1x2,p1,0.4404,,,
2026-09-09T19:58:02.980882+00:00,football,EPL,Chelsea vs Hull City,match_winner_1x2,p1,0.7751,,,
2026-09-09T19:58:02.980882+00:00,football,EPL,Crystal Palace vs Ipswich Town,match_winner_1x2,p1,0.5078,,,
2026-09-09T19:58:02.980882+00:00,football,EPL,Liverpool vs Fulham,match_winner_1x2,p1,0.6719,,,
2026-09-09T19:58:02.980882+00:00,football,EPL,Tottenham Hotspur vs Everton,match_winner_1x2,p1,0.4762,,,
2026-09-09T19:58:02.980882+00:00,football,EPL,Sunderland vs Arsenal,match_winner_1x2,p2,0.6629,,,
2026-09-10T09:47:57.725739+00:00,tennis,WTA,Lucie Havlickova vs Lucija Ciric Bagaric,tennis_total_games,p2,0.5233,,,
2026-09-10T09:47:57.725739+00:00,tennis,WTA,Player 1 vs Player 2,tennis_total_games,p1,0.5,,,
2026-09-10T09:47:57.725739+00:00,tennis,WTA,Player 1 vs Player 2,tennis_total_games,p1,0.5,,,
2026-09-10T09:47:57.725739+00:00,tennis,WTA,Player 1 vs Player 2,tennis_total_games,p1,0.5,,,
2026-09-10T09:47:57.725739+00:00,tennis,WTA,Player 1 vs Player 2,tennis_total_games,p1,0.56,,,
2026-09-10T09:47:57.725739+00:00,football,Champions League,Fenerbahce vs AS Roma,match_winner_1x2,p2,0.4854,,,
2026-09-10T09:47:57.725739+00:00,football,Champions League,PSV Eindhoven vs Shakhtar Donetsk,match_winner_1x2,p1,0.6938,,,
2026-09-10T09:47:57.725739+00:00,football,Champions League,Bayern Munich vs Bodo/Glimt,match_winner_1x2,p1,0.8802,,,
2026-09-10T09:47:57.725739+00:00,football,Champions League,Como vs RB Leipzig,match_winner_1x2,p1,0.5736,,,
2026-09-10T09:47:57.725739+00:00,football,Champions League,Manchester United vs Sabah FK,match_winner_1x2,p1,0.8878,,,
2026-09-10T09:47:57.725739+00:00,football,Champions League,Slavia Prague vs Lens,match_winner_1x2,p2,0.4135,,,
2026-09-10T09:47:57.725739+00:00,football,Primeira Liga,Estrela vs Braga,match_winner_1x2,p2,0.5923,,,
2026-09-10T09:47:57.725739+00:00,tennis,ATP,Player 1 vs Player 2,tennis_total_games,p2,0.524,,,
2026-09-10T09:47:57.725739+00:00,tennis,WTA,Player 1 vs Player 2,tennis_total_games,p2,0.5103,,,
2026-09-10T09:47:57.725739+00:00,tennis,ATP,Player 1 vs Player 2,tennis_total_games,p2,0.524,,,
2026-09-10T09:47:57.725739+00:00,tennis,WTA,Player 1 vs Player 2,tennis_total_games,p2,0.524,,,
2026-09-10T09:47:57.725739+00:00,tennis,WTA,Player 1 vs Player 2,tennis_total_games,p1,0.512,,,
2026-09-10T09:47:57.725739+00:00,tennis,WTA,Player 1 vs Player 2,tennis_total_games,p1,0.56,,,
2026-09-10T09:47:57.725739+00:00,tennis,WTA,Dalma Galfi vs TBD,tennis_total_games,p2,0.5257,,,
2026-09-10T09:47:57.725739+00:00,tennis,WTA,Player 1 vs Player 2,tennis_total_games,p1,0.5,,,
2026-09-10T09:47:57.725739+00:00,tennis,WTA,Player 1 vs Player 2,tennis_total_games,p1,0.62,,,
2026-09-10T09:47:57.725739+00:00,tennis,WTA,Player 1 vs Player 2,tennis_total_games,p1,0.62,,,
2026-09-10T09:47:57.725739+00:00,tennis,WTA,TBD vs Clara Burel,tennis_total_games,p2,0.524,,,
2026-09-10T09:47:57.725739+00:00,tennis,WTA,TBD vs TBD,tennis_total_games,p1,0.5,,,
2026-09-10T09:47:57.725739+00:00,tennis,WTA,TBD vs TBD,tennis_total_games,p1,0.5,,,
2026-09-10T09:47:57.725739+00:00,tennis,WTA,TBD vs TBD,tennis_total_games,p1,0.5,,,
2026-09-10T09:47:57.725739+00:00,tennis,ATP,Player 1 vs Player 2,tennis_total_games,p1,0.524,,,
2026-09-10T09:47:57.725739+00:00,tennis,WTA,Player 1 vs Player 2,tennis_total_games,p1,0.524,,,
2026-09-10T09:47:57.725739+00:00,tennis,ATP,TBD vs TBD,tennis_total_games,p1,0.5,,,
2026-09-10T09:47:57.725739+00:00,tennis,WTA,TBD vs TBD,tennis_total_games,p1,0.5,,,
2026-09-10T09:47:57.725739+00:00,tennis,WTA,TBD vs TBD,tennis_total_games,p1,0.5,,,
2026-09-10T09:47:57.725739+00:00,tennis,WTA,TBD vs TBD,tennis_total_games,p1,0.5,,,
2026-09-10T09:47:57.725739+00:00,tennis,ATP,TBD vs TBD,tennis_total_games,p1,0.5,,,
2026-09-10T09:47:57.725739+00:00,football,MLS,Columbus Crew vs Red Bull New York,match_winner_1x2,p1,0.5409,,,
2026-09-10T09:47:57.725739+00:00,football,MLS,D.C. United vs Atlanta United FC,match_winner_1x2,p1,0.4034,,,
2026-09-10T09:47:57.725739+00:00,football,MLS,FC Cincinnati vs Charlotte FC,match_winner_1x2,p1,0.4746,,,
2026-09-10T09:47:57.725739+00:00,football,MLS,Inter Miami CF vs Nashville SC,match_winner_1x2,p1,0.4853,,,
2026-09-10T09:47:57.725739+00:00,football,MLS,Orlando City SC vs Toronto FC,match_winner_1x2,p1,0.5003,,,
2026-09-10T09:47:57.725739+00:00,football,MLS,FC Dallas vs Portland Timbers,match_winner_1x2,p1,0.504,,,
2026-09-10T09:47:57.725739+00:00,football,MLS,Sporting Kansas City vs LAFC,match_winner_1x2,p2,0.6138,,,
2026-09-10T09:47:57.725739+00:00,football,MLS,St. Louis CITY SC vs Minnesota United FC,match_winner_1x2,p1,0.4923,,,
2026-09-10T09:47:57.725739+00:00,football,MLS,Colorado Rapids vs CF Montréal,match_winner_1x2,p1,0.5695,,,
2026-09-10T09:47:57.725739+00:00,football,MLS,Real Salt Lake vs New York City FC,match_winner_1x2,p1,0.4773,,,
2026-09-10T09:47:57.725739+00:00,football,MLS,LA Galaxy vs Seattle Sounders FC,match_winner_1x2,p1,0.4566,,,
2026-09-10T09:47:57.725739+00:00,football,MLS,San Jose Earthquakes vs Houston Dynamo FC,match_winner_1x2,p1,0.3973,,,
2026-09-10T09:47:57.725739+00:00,tennis,WTA,TBD vs TBD,tennis_total_games,p1,0.5,,,
2026-09-10T09:47:57.725739+00:00,tennis,WTA,TBD vs TBD,tennis_total_games,p1,0.5,,,
2026-09-10T09:47:57.725739+00:00,tennis,WTA,TBD vs TBD,tennis_total_games,p1,0.5,,,
2026-09-10T09:47:57.725739+00:00,tennis,WTA,TBD vs TBD,tennis_total_games,p1,0.5,,,
2026-09-10T09:47:57.725739+00:00,tennis,WTA,TBD vs TBD,tennis_total_games,p1,0.5,,,
2026-09-10T09:47:57.725739+00:00,tennis,WTA,TBD vs TBD,tennis_total_games,p1,0.5,,,
2026-09-10T09:47:57.725739+00:00,tennis,WTA,TBD vs TBD,tennis_total_games,p1,0.5,,,
2026-09-10T09:47:57.725739+00:00,tennis,WTA,TBD vs TBD,tennis_total_games,p1,0.5,,,
2026-09-10T09:47:57.725739+00:00,tennis,WTA,TBD vs TBD,tennis_total_games,p1,0.5,,,
2026-09-10T09:47:57.725739+00:00,tennis,WTA,TBD vs TBD,tennis_total_games,p1,0.5,,,
2026-09-10T09:47:57.725739+00:00,tennis,WTA,TBD vs TBD,tennis_total_games,p1,0.5,,,
2026-09-10T09:47:57.725739+00:00,tennis,WTA,TBD vs TBD,tennis_total_games,p1,0.5,,,
2026-09-10T09:47:57.725739+00:00,tennis,WTA,TBD vs TBD,tennis_total_games,p1,0.5,,,
2026-09-10T09:47:57.725739+00:00,tennis,WTA,TBD vs TBD,tennis_total_games,p1,0.5,,,
2026-09-10T09:47:57.725739+00:00,tennis,WTA,TBD vs TBD,tennis_total_games,p1,0.5,,,
2026-09-10T09:47:57.725739+00:00,tennis,WTA,TBD vs TBD,tennis_total_games,p1,0.5,,,
2026-09-10T09:47:57.725739+00:00,tennis,WTA,TBD vs TBD,tennis_total_games,p1,0.5,,,
2026-09-10T09:47:57.725739+00:00,tennis,WTA,TBD vs TBD,tennis_total_games,p1,0.5,,,
2026-09-10T09:47:57.725739+00:00,tennis,WTA,TBD vs TBD,tennis_total_games,p1,0.5,,,
2026-09-10T09:47:57.725739+00:00,tennis,WTA,TBD vs TBD,tennis_total_games,p1,0.5,,,
2026-09-10T09:47:57.725739+00:00,tennis,WTA,TBD vs TBD,tennis_total_games,p1,0.5,,,
2026-09-10T09:47:57.725739+00:00,tennis,WTA,TBD vs TBD,tennis_total_games,p1,0.5,,,
2026-09-10T09:47:57.725739+00:00,tennis,WTA,TBD vs TBD,tennis_total_games,p1,0.5,,,
2026-09-10T09:47:57.725739+00:00,tennis,WTA,TBD vs TBD,tennis_total_games,p1,0.5,,,
2026-09-10T09:47:57.725739+00:00,tennis,WTA,TBD vs TBD,tennis_total_games,p1,0.5,,,
2026-09-10T09:47:57.725739+00:00,tennis,WTA,TBD vs TBD,tennis_total_games,p1,0.5,,,
2026-09-10T09:47:57.725739+00:00,tennis,WTA,TBD vs TBD,tennis_total_games,p1,0.5,,,
2026-09-10T09:47:57.725739+00:00,tennis,WTA,TBD vs TBD,tennis_total_games,p1,0.5,,,
2026-09-10T09:47:57.725739+00:00,tennis,WTA,TBD vs TBD,tennis_total_games,p1,0.5,,,
2026-09-10T09:47:57.725739+00:00,tennis,WTA,TBD vs TBD,tennis_total_games,p1,0.5,,,
2026-09-10T09:47:57.725739+00:00,tennis,WTA,TBD vs TBD,tennis_total_games,p1,0.5,,,
2026-09-10T09:47:57.725739+00:00,tennis,WTA,TBD vs TBD,tennis_total_games,p1,0.5,,,
2026-09-10T09:47:57.725739+00:00,tennis,WTA,TBD vs TBD,tennis_total_games,p1,0.5,,,
2026-09-10T09:47:57.725739+00:00,tennis,WTA,TBD vs TBD,tennis_total_games,p1,0.5,,,
2026-09-10T09:47:57.725739+00:00,tennis,WTA,TBD vs TBD,tennis_total_games,p1,0.5,,,
2026-09-10T09:47:57.725739+00:00,tennis,WTA,TBD vs TBD,tennis_total_games,p1,0.5,,,
2026-09-10T09:47:57.725739+00:00,tennis,WTA,TBD vs TBD,tennis_total_games,p1,0.5,,,
2026-09-10T09:47:57.725739+00:00,tennis,WTA,TBD vs TBD,tennis_total_games,p1,0.5,,,
2026-09-10T09:47:57.725739+00:00,tennis,WTA,TBD vs TBD,tennis_total_games,p1,0.5,,,
2026-09-10T09:47:57.725739+00:00,tennis,WTA,TBD vs TBD,tennis_total_games,p1,0.5,,,
2026-09-10T09:47:57.725739+00:00,tennis,WTA,TBD vs TBD,tennis_total_games,p1,0.5,,,
2026-09-10T09:47:57.725739+00:00,tennis,WTA,TBD vs TBD,tennis_total_games,p1,0.5,,,
2026-09-10T09:47:57.725739+00:00,tennis,WTA,TBD vs TBD,tennis_total_games,p1,0.5,,,
2026-09-10T09:47:57.725739+00:00,tennis,WTA,TBD vs TBD,tennis_total_games,p1,0.5,,,
2026-09-10T09:47:57.725739+00:00,tennis,WTA,TBD vs TBD,tennis_total_games,p1,0.5,,,
2026-09-10T09:47:57.725739+00:00,tennis,WTA,TBD vs TBD,tennis_total_games,p1,0.5,,,
2026-09-10T09:47:57.725739+00:00,tennis,WTA,TBD vs TBD,tennis_total_games,p1,0.5,,,
2026-09-10T09:47:57.725739+00:00,tennis,WTA,TBD vs TBD,tennis_total_games,p1,0.5,,,
2026-09-10T09:47:57.725739+00:00,tennis,WTA,TBD vs TBD,tennis_total_games,p1,0.5,,,
2026-09-10T09:47:57.725739+00:00,tennis,WTA,TBD vs TBD,tennis_total_games,p1,0.5,,,
2026-09-10T09:47:57.725739+00:00,tennis,WTA,TBD vs TBD,tennis_total_games,p1,0.5,,,
2026-09-10T09:47:57.725739+00:00,tennis,WTA,TBD vs TBD,tennis_total_games,p1,0.5,,,
2026-09-10T09:47:57.725739+00:00,tennis,WTA,TBD vs TBD,tennis_total_games,p1,0.5,,,
2026-09-10T09:47:57.725739+00:00,tennis,WTA,TBD vs TBD,tennis_total_games,p1,0.5,,,
2026-09-10T09:47:57.725739+00:00,tennis,WTA,TBD vs TBD,tennis_total_games,p1,0.5,,,
2026-09-10T09:47:57.725739+00:00,tennis,WTA,TBD vs TBD,tennis_total_games,p1,0.5,,,
2026-09-10T09:47:57.725739+00:00,tennis,WTA,TBD vs TBD,tennis_total_games,p1,0.5,,,
2026-09-10T09:47:57.725739+00:00,tennis,WTA,TBD vs TBD,tennis_total_games,p1,0.5,,,
2026-09-10T09:47:57.725739+00:00,tennis,WTA,TBD vs TBD,tennis_total_games,p1,0.5,,,
2026-09-10T09:47:57.725739+00:00,tennis,WTA,TBD vs TBD,tennis_total_games,p1,0.5,,,
2026-09-10T09:47:57.725739+00:00,tennis,WTA,TBD vs TBD,tennis_total_games,p1,0.5,,,
2026-09-10T09:47:57.725739+00:00,tennis,WTA,TBD vs TBD,tennis_total_games,p1,0.5,,,
2026-09-10T09:47:57.725739+00:00,tennis,WTA,TBD vs TBD,tennis_total_games,p1,0.5,,,
2026-09-10T09:47:57.725739+00:00,tennis,WTA,TBD vs TBD,tennis_total_games,p1,0.5,,,
2026-09-10T09:47:57.725739+00:00,tennis,WTA,TBD vs TBD,tennis_total_games,p1,0.5,,,
2026-09-10T09:47:57.725739+00:00,tennis,WTA,TBD vs TBD,tennis_total_games,p1,0.5,,,
2026-09-10T09:47:57.725739+00:00,tennis,WTA,TBD vs TBD,tennis_total_games,p1,0.5,,,
2026-09-10T09:47:57.725739+00:00,tennis,WTA,TBD vs TBD,tennis_total_games,p1,0.5,,,
2026-09-10T09:47:57.725739+00:00,tennis,WTA,TBD vs TBD,tennis_total_games,p1,0.5,,,
2026-09-10T09:47:57.725739+00:00,tennis,WTA,TBD vs TBD,tennis_total_games,p1,0.5,,,
2026-09-10T09:47:57.725739+00:00,tennis,WTA,TBD vs TBD,tennis_total_games,p1,0.5,,,
2026-09-10T09:47:57.725739+00:00,tennis,WTA,TBD vs TBD,tennis_total_games,p1,0.5,,,
2026-09-10T09:47:57.725739+00:00,tennis,WTA,TBD vs TBD,tennis_total_games,p1,0.5,,,
2026-09-10T09:47:57.725739+00:00,tennis,WTA,TBD vs TBD,tennis_total_games,p1,0.5,,,
2026-09-10T09:47:57.725739+00:00,tennis,WTA,TBD vs TBD,tennis_total_games,p1,0.5,,,
2026-09-10T09:47:57.725739+00:00,tennis,WTA,TBD vs TBD,tennis_total_games,p1,0.5,,,
2026-09-10T09:47:57.725739+00:00,tennis,WTA,TBD vs TBD,tennis_total_games,p1,0.5,,,
2026-09-10T09:47:57.725739+00:00,tennis,WTA,TBD vs TBD,tennis_total_games,p1,0.5,,,
2026-09-10T09:47:57.725739+00:00,tennis,WTA,TBD vs TBD,tennis_total_games,p1,0.5,,,
2026-09-10T09:47:57.725739+00:00,tennis,WTA,TBD vs TBD,tennis_total_games,p1,0.5,,,
2026-09-10T09:47:57.725739+00:00,tennis,WTA,TBD vs TBD,tennis_total_games,p1,0.5,,,
2026-09-10T09:47:57.725739+00:00,tennis,WTA,TBD vs TBD,tennis_total_games,p1,0.5,,,
2026-09-10T09:47:57.725739+00:00,tennis,WTA,TBD vs TBD,tennis_total_games,p1,0.5,,,
2026-09-10T09:47:57.725739+00:00,tennis,WTA,TBD vs TBD,tennis_total_games,p1,0.5,,,
2026-09-10T09:47:57.725739+00:00,tennis,WTA,TBD vs TBD,tennis_total_games,p1,0.5,,,
2026-09-10T09:47:57.725739+00:00,tennis,WTA,TBD vs TBD,tennis_total_games,p1,0.5,,,
2026-09-10T09:47:57.725739+00:00,tennis,WTA,TBD vs TBD,tennis_total_games,p1,0.5,,,
2026-09-10T09:47:57.725739+00:00,tennis,WTA,TBD vs TBD,tennis_total_games,p1,0.5,,,
2026-09-10T09:47:57.725739+00:00,tennis,WTA,TBD vs TBD,tennis_total_games,p1,0.5,,,
2026-09-10T09:47:57.725739+00:00,tennis,WTA,TBD vs TBD,tennis_total_games,p1,0.5,,,
2026-09-10T09:47:57.725739+00:00,tennis,WTA,TBD vs TBD,tennis_total_games,p1,0.5,,,
2026-09-10T09:47:57.725739+00:00,tennis,WTA,TBD vs TBD,tennis_total_games,p1,0.5,,,
2026-09-10T09:47:57.725739+00:00,tennis,WTA,TBD vs TBD,tennis_total_games,p1,0.5,,,
2026-09-10T09:47:57.725739+00:00,tennis,WTA,TBD vs TBD,tennis_total_games,p1,0.5,,,
2026-09-10T09:47:57.725739+00:00,tennis,WTA,TBD vs TBD,tennis_total_games,p1,0.5,,,
2026-09-10T09:47:57.725739+00:00,tennis,WTA,TBD vs TBD,tennis_total_games,p1,0.5,,,
2026-09-10T09:47:57.725739+00:00,tennis,WTA,TBD vs TBD,tennis_total_games,p1,0.5,,,
2026-09-10T09:47:57.725739+00:00,tennis,WTA,TBD vs TBD,tennis_total_games,p1,0.5,,,
2026-09-10T09:47:57.725739+00:00,tennis,WTA,TBD vs TBD,tennis_total_games,p1,0.5,,,
2026-09-10T09:47:57.725739+00:00,tennis,WTA,TBD vs TBD,tennis_total_games,p1,0.5,,,
2026-09-10T09:47:57.725739+00:00,tennis,WTA,TBD vs TBD,tennis_total_games,p1,0.5,,,
2026-09-10T09:47:57.725739+00:00,tennis,WTA,TBD vs TBD,tennis_total_games,p1,0.5,,,
2026-09-10T09:47:57.725739+00:00,tennis,WTA,TBD vs TBD,tennis_total_games,p1,0.5,,,
2026-09-10T09:47:57.725739+00:00,tennis,WTA,TBD vs TBD,tennis_total_games,p1,0.5,,,
2026-09-10T09:47:57.725739+00:00,tennis,WTA,TBD vs TBD,tennis_total_games,p1,0.5,,,
2026-09-10T09:47:57.725739+00:00,tennis,WTA,TBD vs TBD,tennis_total_games,p1,0.5,,,
2026-09-10T09:47:57.725739+00:00,tennis,WTA,TBD vs TBD,tennis_total_games,p1,0.5,,,
2026-09-10T09:47:57.725739+00:00,tennis,WTA,TBD vs TBD,tennis_total_games,p1,0.5,,,
2026-09-10T09:47:57.725739+00:00,tennis,WTA,TBD vs TBD,tennis_total_games,p1,0.5,,,
2026-09-10T09:47:57.725739+00:00,tennis,WTA,TBD vs TBD,tennis_total_games,p1,0.5,,,
2026-09-10T09:47:57.725739+00:00,tennis,WTA,TBD vs TBD,tennis_total_games,p1,0.5,,,
2026-09-10T09:47:57.725739+00:00,tennis,WTA,TBD vs TBD,tennis_total_games,p1,0.5,,,
2026-09-10T09:47:57.725739+00:00,tennis,WTA,TBD vs TBD,tennis_total_games,p1,0.5,,,
2026-09-10T09:47:57.725739+00:00,tennis,WTA,TBD vs TBD,tennis_total_games,p1,0.5,,,
2026-09-10T09:47:57.725739+00:00,tennis,WTA,TBD vs TBD,tennis_total_games,p1,0.5,,,
2026-09-10T09:47:57.725739+00:00,tennis,WTA,TBD vs TBD,tennis_total_games,p1,0.5,,,
2026-09-10T09:47:57.725739+00:00,tennis,WTA,TBD vs TBD,tennis_total_games,p1,0.5,,,
2026-09-10T09:47:57.725739+00:00,tennis,WTA,TBD vs TBD,tennis_total_games,p1,0.5,,,
2026-09-10T09:47:57.725739+00:00,tennis,WTA,TBD vs TBD,tennis_total_games,p1,0.5,,,
2026-09-10T09:47:57.725739+00:00,tennis,WTA,TBD vs TBD,tennis_total_games,p1,0.5,,,
2026-09-10T09:47:57.725739+00:00,tennis,WTA,TBD vs TBD,tennis_total_games,p1,0.5,,,
2026-09-10T09:47:57.725739+00:00,tennis,WTA,TBD vs TBD,tennis_total_games,p1,0.5,,,
2026-09-10T09:47:57.725739+00:00,tennis,WTA,TBD vs TBD,tennis_total_games,p1,0.5,,,
2026-09-10T09:47:57.725739+00:00,tennis,WTA,TBD vs TBD,tennis_total_games,p1,0.5,,,
2026-09-10T09:47:57.725739+00:00,tennis,WTA,TBD vs TBD,tennis_total_games,p1,0.5,,,
2026-09-10T09:47:57.725739+00:00,tennis,WTA,TBD vs TBD,tennis_total_games,p1,0.5,,,
2026-09-10T09:47:57.725739+00:00,tennis,WTA,TBD vs TBD,tennis_total_games,p1,0.5,,,
2026-09-10T09:47:57.725739+00:00,tennis,WTA,TBD vs TBD,tennis_total_games,p1,0.5,,,
2026-09-10T09:47:57.725739+00:00,tennis,WTA,TBD vs TBD,tennis_total_games,p1,0.5,,,
2026-09-10T09:47:57.725739+00:00,tennis,WTA,TBD vs TBD,tennis_total_games,p1,0.5,,,
2026-09-10T09:47:57.725739+00:00,tennis,WTA,TBD vs TBD,tennis_total_games,p1,0.5,,,
2026-09-10T09:47:57.725739+00:00,tennis,WTA,TBD vs TBD,tennis_total_games,p1,0.5,,,
2026-09-10T09:47:57.725739+00:00,tennis,WTA,TBD vs TBD,tennis_total_games,p1,0.5,,,
2026-09-10T09:47:57.725739+00:00,tennis,WTA,TBD vs TBD,tennis_total_games,p1,0.5,,,
2026-09-10T09:47:57.725739+00:00,tennis,WTA,TBD vs TBD,tennis_total_games,p1,0.5,,,
2026-09-10T09:47:57.725739+00:00,tennis,WTA,TBD vs TBD,tennis_total_games,p1,0.5,,,
2026-09-10T09:47:57.725739+00:00,tennis,WTA,TBD vs TBD,tennis_total_games,p1,0.5,,,
2026-09-10T09:47:57.725739+00:00,tennis,WTA,TBD vs TBD,tennis_total_games,p1,0.5,,,
2026-09-10T09:47:57.725739+00:00,tennis,WTA,TBD vs TBD,tennis_total_games,p1,0.5,,,
2026-09-10T09:47:57.725739+00:00,tennis,WTA,TBD vs TBD,tennis_total_games,p1,0.5,,,
2026-09-10T09:47:57.725739+00:00,tennis,WTA,TBD vs TBD,tennis_total_games,p1,0.5,,,
2026-09-10T09:47:57.725739+00:00,tennis,WTA,TBD vs TBD,tennis_total_games,p1,0.5,,,
2026-09-10T09:47:57.725739+00:00,tennis,WTA,TBD vs TBD,tennis_total_games,p1,0.5,,,
2026-09-10T09:47:57.725739+00:00,tennis,WTA,TBD vs TBD,tennis_total_games,p1,0.5,,,
2026-09-10T09:47:57.725739+00:00,tennis,WTA,TBD vs TBD,tennis_total_games,p1,0.5,,,
2026-09-10T09:47:57.725739+00:00,tennis,WTA,TBD vs TBD,tennis_total_games,p1,0.5,,,
2026-09-10T09:47:57.725739+00:00,tennis,WTA,TBD vs TBD,tennis_total_games,p1,0.5,,,
2026-09-10T09:47:57.725739+00:00,tennis,WTA,TBD vs TBD,tennis_total_games,p1,0.5,,,
2026-09-10T09:47:57.725739+00:00,tennis,WTA,TBD vs TBD,tennis_total_games,p1,0.5,,,
2026-09-10T09:47:57.725739+00:00,tennis,WTA,TBD vs TBD,tennis_total_games,p1,0.5,,,
2026-09-10T10:06:50.171496+00:00,tennis,ATP,Jessica Pegula vs Aryna Sabalenka,tennis_total_games,p1,0.5,,,
2026-09-10T10:06:50.171496+00:00,tennis,ATP,Elena Rybakina vs Coco Gauff,tennis_total_games,p1,0.5,,,
2026-09-10T10:06:50.171496+00:00,tennis,WTA,Karen Khachanov vs Alexander Zverev,tennis_total_games,p1,0.5,,,
2026-09-10T10:06:50.171496+00:00,tennis,WTA,Ben Shelton vs Frances Tiafoe,tennis_total_games,p1,0.5,,,
2026-09-10T10:21:36.384311+00:00,tennis,WTA,Eva Vedder vs Maria Lourdes Carle,tennis_total_games,p1,0.5,,,
2026-09-10T10:21:36.384311+00:00,tennis,WTA,Barbora Palicova vs Fiona Ferro,tennis_total_games,p1,0.5,,,
2026-09-10T10:21:36.384311+00:00,tennis,WTA,Guiomar Maristany Zuleta De Reales vs Martina Trevisan,tennis_total_games,p1,0.5,,,
2026-09-10T10:21:36.384311+00:00,tennis,WTA,Despina Papamichail vs Simona Waltert,tennis_total_games,p1,0.5,,,
2026-09-10T10:21:36.384311+00:00,tennis,WTA,Eva Bennemann vs Cagla Buyukakcay,tennis_total_games,p1,0.5,,,
2026-09-10T10:21:36.384311+00:00,tennis,WTA,Claire Liu vs Kaitlin Quevedo,tennis_total_games,p2,0.5105,,,
2026-09-10T10:21:36.384311+00:00,tennis,WTA,Leolia Jeanjean vs Carol Young Suh Lee,tennis_total_games,p1,0.5342,,,
2026-09-10T10:21:36.384311+00:00,tennis,WTA,Alevtina Ibragimova vs Aurora Zantedeschi,tennis_total_games,p1,0.5,,,
2026-09-10T10:21:36.384311+00:00,tennis,WTA,Elizara Yaneva vs Irene Burillo,tennis_total_games,p1,0.5,,,
2026-09-10T11:18:27.698253+00:00,tennis,WTA,Alicia Herrero Linana vs Ane Mintegi Del Olmo,match_winner,p1,0.5613,,,
2026-09-10T20:18:27.702879+00:00,tennis,WTA,Jessica Pegula vs Aryna Sabalenka,tennis_total_games,p2,0.5566,,,
2026-09-10T20:18:27.702879+00:00,tennis,WTA,Anna Blinkova vs Julia Riera,tennis_total_games,p1,0.586,,,
2026-09-11T10:24:16.936517+00:00,tennis,WTA,Maria Lourdes Carle vs Rositsa Dencheva,match_winner,p2,0.5552,,,
2026-09-11T10:24:16.936517+00:00,football,Primeira Liga,C.D. Nacional vs Alverca,match_winner_1x2,p1,0.3761,,,
2026-09-11T10:24:16.936517+00:00,football,Primeira Liga,Casa Pia vs FC Porto,match_winner_1x2,p2,0.8025,,,
2026-09-11T10:24:16.936517+00:00,football,Primeira Liga,Académico de Viseu vs Vitória de Guimaraes,match_winner_1x2,p2,0.4443,,,
2026-09-12T09:54:28.122270+00:00,football,La Liga,Racing Santander vs Alavés,match_winner_1x2,p2,0.3732,,,
2026-09-12T09:54:28.122270+00:00,tennis,WTA,Guiomar Maristany Zuleta De Reales vs Noma Noha Akugue,tennis_total_games,p1,0.5458,,,
2026-09-12T09:54:28.122270+00:00,football,Serie A,Genoa vs Frosinone,match_winner_1x2,p1,0.4012,,,
2026-09-12T09:54:28.122270+00:00,football,Bundesliga,Borussia Dortmund vs SC Paderborn 07,match_winner_1x2,p1,0.7649,,,
2026-09-12T09:54:28.122270+00:00,football,Bundesliga,FC Augsburg vs Bayer Leverkusen,match_winner_1x2,p2,0.4665,,,
2026-09-12T09:54:28.122270+00:00,football,Bundesliga,Mainz vs Eintracht Frankfurt,match_winner_1x2,p1,0.5639,,,
2026-09-12T09:54:28.122270+00:00,football,Bundesliga,SC Freiburg vs Borussia Mönchengladbach,match_winner_1x2,p1,0.6239,,,
2026-09-12T09:54:28.122270+00:00,football,Bundesliga,TSG Hoffenheim vs VfB Stuttgart,match_winner_1x2,p1,0.4174,,,
2026-09-12T09:54:28.122270+00:00,football,La Liga,Osasuna vs Espanyol,match_winner_1x2,p1,0.4399,,,
2026-09-12T09:54:28.122270+00:00,football,Ligue 1,Strasbourg vs AS Monaco,match_winner_1x2,p2,0.4579,,,
2026-09-12T09:54:28.122270+00:00,football,Serie A,Lazio vs AC Milan,match_winner_1x2,p2,0.4272,,,
2026-09-12T09:54:28.122270+00:00,football,La Liga,Athletic Club vs Elche,match_winner_1x2,p1,0.6972,,,
2026-09-12T09:54:28.122270+00:00,football,Bundesliga,FC Cologne vs Werder Bremen,match_winner_1x2,p1,0.4606,,,
2026-09-12T09:54:28.122270+00:00,football,Ligue 1,AJ Auxerre vs Nice,match_winner_1x2,p2,0.3789,,,
2026-09-12T09:54:28.122270+00:00,football,Serie A,Atalanta vs Cagliari,match_winner_1x2,p1,0.5721,,,
2026-09-12T09:54:28.122270+00:00,football,Ligue 1,Le Havre AC vs Angers,match_winner_1x2,p2,0.3566,,,
2026-09-12T09:54:28.122270+00:00,football,Ligue 1,Lorient vs Toulouse,match_winner_1x2,p1,0.3994,,,
2026-09-12T09:54:28.122270+00:00,football,Ligue 1,Paris FC vs Lyon,match_winner_1x2,p1,0.384,,,
2026-09-12T09:54:28.122270+00:00,football,La Liga,Real Madrid vs Rayo Vallecano,match_winner_1x2,p1,0.8917,,,
2026-09-12T14:48:14.942333+00:00,tennis,WTA,Caroline Dolehide vs Mimi Xu,match_winner,p2,0.592,,,
2026-09-12T19:59:53.220881+00:00,tennis,WTA,Elena Rybakina vs Aryna Sabalenka,tennis_total_games,p2,0.5289,,,
2026-09-12T23:51:17.903047+00:00,tennis,WTA,Victoria Bosio vs You Xiaodi,match_winner,p1,0.592,,,
2026-09-12T23:51:17.903047+00:00,tennis,WTA,Caroline Dolehide vs Sara Sorribes Tormo,match_winner,p2,0.5789,,,
2026-09-12T23:51:17.903047+00:00,tennis,WTA,Lea Ma vs Iryna Shymanovich,match_winner,p2,0.6104,,,
2026-09-12T23:51:17.903047+00:00,tennis,WTA,Kaitlin Quevedo vs Leolia Jeanjean,tennis_total_games,p1,0.5383,,,
2026-09-13T02:34:46.508298+00:00,tennis,WTA,Kylie Collins vs Ekaterina Yashina,match_winner,p1,0.5767,,,
2026-09-13T10:54:35.219642+00:00,football,La Liga,Celta Vigo vs Málaga,match_winner_1x2,p1,0.5535,,,
2026-09-13T10:54:35.219642+00:00,football,EPL,Coventry City vs Brighton & Hove Albion,match_winner_1x2,p2,0.5124,,,
2026-09-13T10:54:35.219642+00:00,football,Serie A,Lecce vs Monza,match_winner_1x2,p2,0.3465,,,
2026-09-13T10:54:35.219642+00:00,football,Ligue 1,Lille vs Troyes,match_winner_1x2,p1,0.6713,,,
2026-09-13T10:54:35.219642+00:00,football,Bundesliga,RB Leipzig vs Hamburg SV,match_winner_1x2,p1,0.502,,,
2026-09-13T10:54:35.219642+00:00,football,La Liga,Levante vs Barcelona,match_winner_1x2,p2,0.8595,,,
2026-09-13T10:54:35.219642+00:00,football,Ligue 1,Le Mans vs Lens,match_winner_1x2,p2,0.5794,,,
2026-09-13T10:54:35.219642+00:00,football,EPL,Manchester United vs Manchester City,match_winner_1x2,p2,0.4378,,,
2026-09-13T10:54:35.219642+00:00,football,Bundesliga,SV Elversberg vs Bayern Munich,match_winner_1x2,p2,0.8178,,,
2026-09-13T10:54:35.219642+00:00,football,Serie A,Napoli vs Bologna,match_winner_1x2,p1,0.5007,,,
2026-09-13T10:54:35.219642+00:00,football,La Liga,Getafe vs Deportivo,match_winner_1x2,p1,0.3692,,,
2026-09-13T10:54:35.219642+00:00,football,Primeira Liga,Arouca vs Santa Clara,match_winner_1x2,p1,0.364,,,
2026-09-13T10:54:35.219642+00:00,football,Primeira Liga,Benfica vs Gil Vicente,match_winner_1x2,p1,0.8839,,,
2026-09-13T10:54:35.219642+00:00,football,Ligue 1,Brest vs Paris Saint-Germain,match_winner_1x2,p2,0.7501,,,
2026-09-13T10:54:35.219642+00:00,football,Serie A,Sassuolo vs Juventus,match_winner_1x2,p2,0.5532,,,
2026-09-13T10:54:35.219642+00:00,football,La Liga,Real Sociedad vs Atlético Madrid,match_winner_1x2,p2,0.4397,,,
2026-09-13T10:54:35.219642+00:00,football,Primeira Liga,FC Famalicao vs Sporting CP,match_winner_1x2,p2,0.6935,,,
2026-09-13T10:54:35.219642+00:00,football,MLS,Chicago Fire FC vs New England Revolution,match_winner_1x2,p1,0.4587,,,
2026-09-13T10:54:35.219642+00:00,football,MLS,Vancouver Whitecaps vs Austin FC,match_winner_1x2,p1,0.7442,,,
2026-09-13T10:54:35.219642+00:00,football,MLS,San Diego FC vs Philadelphia Union,match_winner_1x2,p2,0.4242,,,
2026-09-13T15:26:45.891085+00:00,tennis,WTA,Mell Reasco Gonzalez vs Dalila Spiteri,match_winner,p2,0.5526,,,
2026-09-13T15:26:45.891085+00:00,tennis,WTA,Nao Hibino vs Nadiia Kichenok,match_winner,p2,0.592,,,
2026-09-13T20:30:37.439890+00:00,tennis,WTA,Lois Boisson vs Panna Udvardy,tennis_total_games,p2,0.5353,,,
2026-09-13T20:30:37.439890+00:00,tennis,WTA,Janice Tjen vs Darja Vidmanova,tennis_total_games,p1,0.6266,,,
2026-09-13T20:30:37.439890+00:00,tennis,WTA,Bianca Andreescu vs Cristina Bucsa,tennis_total_games,p2,0.5881,,,
2026-09-13T20:30:37.439890+00:00,tennis,WTA,Caroline Dolehide vs Renata Zarazua,tennis_total_games,p2,0.5326,,,
2026-09-13T20:30:37.439890+00:00,tennis,WTA,Gabriella Price vs Martina Colmegna,match_winner,p2,0.592,,,
2026-09-13T20:30:37.439890+00:00,tennis,WTA,Kaja Najzer vs Radka Zelnickova,match_winner,p1,0.592,,,
2026-09-13T20:30:37.439890+00:00,tennis,WTA,Noemi Basiletti vs Lola Radivojevic,tennis_total_games,p1,0.5597,,,
2026-09-13T20:30:37.439890+00:00,tennis,WTA,Julie Struplova vs Polona Hercog,match_winner,p2,0.5613,,,
2026-09-13T20:30:37.439890+00:00,tennis,WTA,Diletta Cherubini vs Aran Teixido Garcia,match_winner,p2,0.592,,,
2026-09-13T20:30:37.439890+00:00,tennis,WTA,Kylie Collins vs Reese Brantmeier,match_winner,p1,0.6227,,,
2026-09-13T20:30:37.439890+00:00,tennis,WTA,Denisa Zoldakova vs Giorgia Pedone,match_winner,p2,0.592,,,
2026-09-13T20:30:37.439890+00:00,tennis,WTA,Lisa Pigato vs Sana Garakani,match_winner,p2,0.5627,,,
2026-09-14T15:40:36.347072+00:00,football,EPL,Leeds United vs Newcastle United,match_winner_1x2,p1,0.4092,,,
2026-09-14T16:19:34.539150+00:00,tennis,WTA,Elina Avanesyan vs Julia Riera,tennis_total_games,p1,0.5455,,,
2026-09-14T16:19:34.539150+00:00,tennis,WTA,Kayla Day vs Elvina Kalieva,tennis_total_games,p2,0.5233,,,
2026-09-14T16:19:34.539150+00:00,tennis,WTA,Mia Pohankova vs Sinja Kraus,tennis_total_games,p2,0.5308,,,
2026-09-14T16:19:34.539150+00:00,tennis,WTA,Taylor Townsend vs Tatjana Maria,tennis_total_games,p2,0.5343,,,
2026-09-14T16:19:34.539150+00:00,tennis,WTA,Nao Hibino vs Magdalena Frech,tennis_total_games,p2,0.5465,,,
2026-09-14T16:19:34.539150+00:00,tennis,WTA,Iryna Shymanovich vs Zeynep Sonmez,tennis_total_games,p2,0.5312,,,
2026-09-14T16:19:34.539150+00:00,tennis,WTA,Liudmila Samsonova vs Elsa Jacquemot,tennis_total_games,p1,0.5804,,,
2026-09-14T16:19:34.539150+00:00,tennis,WTA,Hayu Kinoshita vs Darja Semenistaja,tennis_total_games,p1,0.5311,,,
2026-09-14T16:19:34.539150+00:00,tennis,WTA,Radka Zelnickova vs Mona Barthel,match_winner,p2,0.592,,,
2026-09-14T16:19:34.539150+00:00,tennis,WTA,Gabriela Knutson vs Aoi Ito,match_winner,p1,0.5552,,,
2026-09-14T16:19:34.539150+00:00,tennis,WTA,Laura Samson vs Lucija Ciric Bagaric,tennis_total_games,p2,0.5213,,,
2026-09-14T16:19:34.539150+00:00,tennis,WTA,Katie Swan vs Kylie Collins,match_winner,p2,0.5552,,,
2026-09-14T16:19:34.539150+00:00,tennis,WTA,Victoria Jimenez Kasintseva vs Katherine Sebov,match_winner,p2,0.5613,,,
2026-09-14T16:19:34.539150+00:00,tennis,WTA,Malaika Rapolu vs Caroline Werner,match_winner,p1,0.684,,,
2026-09-14T16:19:34.539150+00:00,tennis,WTA,Martina Trevisan vs Leyre Romero Gormaz,tennis_total_games,p1,0.5625,,,
2026-09-14T16:19:34.539150+00:00,tennis,WTA,Rebeka Masarova vs Mina Hodzic,match_winner,p2,0.6227,,,
2026-09-15T11:12:21.612373+00:00,football,Bundesliga,Bayern Munich vs 1. FC Union Berlin,match_winner_1x2,p1,0.9133,,,
2026-09-15T11:12:21.612373+00:00,football,EPL,Brentford vs Chelsea,match_winner_1x2,p2,0.4112,,,
2026-09-15T18:45:10.364668+00:00,football,La Liga,Elche vs Real Madrid,match_winner_1x2,p2,0.8377,,,
2026-09-15T18:45:10.364668+00:00,football,Ligue 1,AS Monaco vs Lens,match_winner_1x2,p1,0.5032,,,
2026-09-15T18:45:10.364668+00:00,football,Serie A,Monza vs Sassuolo,match_winner_1x2,p2,0.4353,,,
2026-09-15T18:45:10.364668+00:00,football,MLS,New York City FC vs Red Bull New York,match_winner_1x2,p1,0.5424,,,
2026-09-15T20:55:09.045708+00:00,tennis,WTA,Peyton Stearns vs Diane Parry,tennis_total_games,p2,0.6368,,,
2026-09-15T20:55:09.045708+00:00,tennis,WTA,Kayla Cross vs Kylie Collins,match_winner,p2,0.5797,,,
2026-09-16T03:35:31.918685+00:00,tennis,WTA,Samira De Stefano vs Barbora Palicova,match_winner,p1,0.5591,,,
2026-09-16T03:35:31.918685+00:00,tennis,WTA,Julie Struplova vs Noemi Basiletti,match_winner,p2,0.5854,,,
2026-09-16T10:55:39.368830+00:00,tennis,WTA,Dalma Galfi vs Alice Tubello,tennis_total_games,p2,0.5305,,,
2026-09-16T10:55:39.368830+00:00,tennis,WTA,Yasmine Kabbaj vs Maria Garcia Cid,match_winner,p2,0.592,,,
2026-09-16T10:55:39.368830+00:00,tennis,WTA,Francesca Curmi vs Joelle Lilly Sophie Steur,match_winner,p2,0.592,,,
2026-09-16T10:55:39.368830+00:00,tennis,WTA,Viktoria Hruncakova vs Susan Bandecchi,tennis_total_games,p1,0.5312,,,
2026-09-16T10:55:39.368830+00:00,tennis,WTA,Dominika Salkova vs Jessica Bouzas Maneiro,tennis_total_games,p2,0.5556,,,
2026-09-16T10:55:39.368830+00:00,tennis,WTA,Marina Bassols Ribera vs Guiomar Maristany Zuleta De Reales,tennis_total_games,p2,0.5483,,,
2026-09-16T10:55:39.368830+00:00,tennis,WTA,Ane Mintegi Del Olmo vs Andrea Lazaro Garcia,tennis_total_games,p1,0.5224,,,
2026-09-16T10:55:39.368830+00:00,tennis,WTA,Carol Young Suh Lee vs Anna Blinkova,tennis_total_games,p2,0.5701,,,
2026-09-16T10:55:39.368830+00:00,tennis,WTA,Claire Liu vs Mary Stoiana,tennis_total_games,p1,0.5418,,,
2026-09-16T10:55:39.368830+00:00,tennis,WTA,Astra Sharma vs Nauhany Vitoria Leme Da Silva,match_winner,p2,0.592,,,
2026-09-16T10:55:39.368830+00:00,football,La Liga,Atlético Madrid vs Osasuna,match_winner_1x2,p1,0.6877,,,
2026-09-16T10:55:39.368830+00:00,football,La Liga,Deportivo vs Sevilla,match_winner_1x2,p1,0.3771,,,
2026-09-16T10:55:39.368830+00:00,tennis,WTA,Alina Charaeva vs You Xiaodi,tennis_total_games,p2,0.5224,,,
2026-09-16T10:55:39.368830+00:00,tennis,WTA,Chloe Paquet vs Jazmin Ortenzi,tennis_total_games,p1,0.6104,,,
2026-09-16T10:55:39.368830+00:00,tennis,WTA,Laura Pigossi vs Vendula Valdmannova,tennis_total_games,p2,0.6104,,,
2026-09-16T10:55:39.368830+00:00,tennis,WTA,Teodora Kostovic vs Darja Semenistaja,tennis_total_games,p2,0.5133,,,
2026-09-16T10:55:39.368830+00:00,tennis,WTA,Caroline Dolehide vs Magdalena Frech,tennis_total_games,p1,0.5237,,,
2026-09-16T10:55:39.368830+00:00,football,La Liga,Barcelona vs Racing Santander,match_winner_1x2,p1,0.9374,,,
2026-09-16T10:55:39.368830+00:00,football,La Liga,Levante vs Athletic Club,match_winner_1x2,p2,0.4437,,,
2026-09-16T10:55:39.368830+00:00,tennis,WTA,Paula Badosa vs Justina Mikulskyte,tennis_total_games,p1,0.542,,,
2026-09-16T10:55:39.368830+00:00,tennis,WTA,Iva Jovic vs Zeynep Sonmez,tennis_total_games,p1,0.6224,,,
2026-09-16T10:55:39.368830+00:00,tennis,WTA,Taylor Townsend vs Marta Kostyuk,tennis_total_games,p2,0.6707,,,
2026-09-16T10:55:39.368830+00:00,tennis,WTA,Liudmila Samsonova vs Kayla Day,tennis_total_games,p1,0.6067,,,
2026-09-16T10:55:39.368830+00:00,tennis,WTA,Rebeka Masarova vs Alicia Herrero Linana,tennis_total_games,p2,0.5103,,,
2026-09-16T10:55:39.368830+00:00,tennis,WTA,Victoria Jimenez Kasintseva vs Francisca Jorge,tennis_total_games,p1,0.5091,,,
2026-09-16T10:55:39.368830+00:00,tennis,WTA,Elena Malygina vs Jeline Vandromme,tennis_total_games,p1,0.5259,,,
2026-09-16T10:55:39.368830+00:00,tennis,WTA,Malaika Rapolu vs Noma Noha Akugue,tennis_total_games,p1,0.5043,,,
2026-09-16T10:55:39.368830+00:00,tennis,WTA,Sara Bejlek vs Cristina Bucsa,tennis_total_games,p1,0.5452,,,
2026-09-16T10:55:39.368830+00:00,tennis,WTA,Sloane Stephens vs Peyton Stearns,tennis_total_games,p2,0.5199,,,
2026-09-16T10:55:39.368830+00:00,football,Primeira Liga,C.D. Nacional vs FC Famalicao,match_winner_1x2,p2,0.453,,,
2026-09-16T10:55:39.368830+00:00,football,Primeira Liga,Gil Vicente vs Maritimo,match_winner_1x2,p1,0.502,,,
2026-09-16T10:55:39.368830+00:00,football,Primeira Liga,Alverca vs Rio Ave,match_winner_1x2,p1,0.5149,,,
2026-09-16T10:55:39.368830+00:00,football,Primeira Liga,Sporting CP vs Arouca,match_winner_1x2,p1,0.8143,,,
2026-09-18T11:45:48.316471+00:00,football,La Liga,Espanyol vs Elche,match_winner_1x2,p1,0.5442,,,
2026-09-18T23:32:40.177418+00:00,tennis,WTA,Carol Zhao vs Ma YeXin,tennis_total_games,p2,0.592,,,
2026-09-18T23:32:40.177418+00:00,tennis,WTA,Aoi Ito vs Sofya Lansere,tennis_total_games,p1,0.5613,,,
2026-09-18T23:32:40.177418+00:00,tennis,WTA,Nika Radisic vs Viktoria Morvayova,tennis_total_games,p1,0.592,,,
2026-09-18T23:32:40.177418+00:00,tennis,WTA,Eva Marie Desvignes vs Kyoka Okamura,tennis_total_games,p1,0.592,,,
2026-09-18T23:32:40.177418+00:00,tennis,WTA,Mei Yamaguchi vs Ulrikke Eikeri,tennis_total_games,p2,0.592,,,
2026-09-19T11:32:27.875891+00:00,football,La Liga,Osasuna vs Rayo Vallecano,match_winner_1x2,p2,0.3658,,,
2026-09-19T11:32:27.875891+00:00,football,Serie A,Bologna vs Torino,match_winner_1x2,p1,0.492,,,
2026-09-19T11:32:27.875891+00:00,football,Serie A,Udinese vs Cagliari,match_winner_1x2,p1,0.4223,,,
2026-09-19T11:32:27.875891+00:00,football,Bundesliga,Borussia Mönchengladbach vs Mainz,match_winner_1x2,p2,0.4696,,,
2026-09-19T11:32:27.875891+00:00,football,Bundesliga,Eintracht Frankfurt vs SC Freiburg,match_winner_1x2,p2,0.3976,,,
2026-09-19T11:32:27.875891+00:00,football,Bundesliga,Hamburg SV vs FC Cologne,match_winner_1x2,p1,0.444,,,
2026-09-19T11:32:27.875891+00:00,football,Bundesliga,Werder Bremen vs FC Augsburg,match_winner_1x2,p1,0.3975,,,
2026-09-19T11:32:27.875891+00:00,football,EPL,Brighton & Hove Albion vs Arsenal,match_winner_1x2,p2,0.5771,,,
2026-09-19T11:32:27.875891+00:00,football,EPL,Everton vs Ipswich Town,match_winner_1x2,p1,0.5641,,,
2026-09-19T11:32:27.875891+00:00,football,EPL,Newcastle United vs Hull City,match_winner_1x2,p1,0.6105,,,
2026-09-19T11:32:27.875891+00:00,football,La Liga,Athletic Club vs Alavés,match_winner_1x2,p1,0.5937,,,
2026-09-19T11:32:27.875891+00:00,football,Ligue 1,Paris FC vs Strasbourg,match_winner_1x2,p1,0.536,,,
2026-09-19T11:32:27.875891+00:00,football,Serie A,AS Roma vs Internazionale,match_winner_1x2,p1,0.3802,,,
2026-09-19T11:32:27.875891+00:00,football,La Liga,Celta Vigo vs Racing Santander,match_winner_1x2,p1,0.5329,,,
2026-09-19T11:32:27.875891+00:00,football,EPL,Nottingham Forest vs Coventry City,match_winner_1x2,p1,0.6102,,,
2026-09-19T11:32:27.875891+00:00,football,Bundesliga,VfB Stuttgart vs Borussia Dortmund,match_winner_1x2,p2,0.3927,,,
2026-09-19T11:32:27.875891+00:00,football,Ligue 1,Angers vs Troyes,match_winner_1x2,p1,0.4731,,,
2026-09-19T11:32:27.875891+00:00,football,Ligue 1,Le Mans vs Lorient,match_winner_1x2,p1,0.3646,,,
2026-09-19T11:32:27.875891+00:00,football,Ligue 1,Lyon vs Stade Rennais,match_winner_1x2,p1,0.4375,,,
2026-09-19T11:32:27.875891+00:00,football,Ligue 1,Toulouse vs Le Havre AC,match_winner_1x2,p1,0.57,,,
2026-09-19T11:32:27.875891+00:00,football,Serie A,Venezia vs Lazio,match_winner_1x2,p2,0.5186,,,
2026-09-19T11:32:27.875891+00:00,football,La Liga,Sevilla vs Barcelona,match_winner_1x2,p2,0.7796,,,
2026-09-19T11:32:27.875891+00:00,football,MLS,CF Montréal vs Columbus Crew,match_winner_1x2,p2,0.377,,,
2026-09-19T11:32:27.875891+00:00,football,MLS,D.C. United vs Charlotte FC,match_winner_1x2,p2,0.433,,,
2026-09-19T11:32:27.875891+00:00,football,MLS,New England Revolution vs Orlando City SC,match_winner_1x2,p1,0.548,,,
2026-09-19T11:32:27.875891+00:00,football,MLS,San Jose Earthquakes vs LAFC,match_winner_1x2,p2,0.4176,,,
2026-09-19T11:32:27.875891+00:00,football,MLS,FC Dallas vs Austin FC,match_winner_1x2,p1,0.5788,,,
2026-09-19T11:32:27.875891+00:00,football,MLS,Houston Dynamo FC vs FC Cincinnati,match_winner_1x2,p1,0.514,,,
2026-09-19T11:32:27.875891+00:00,football,MLS,Minnesota United FC vs LA Galaxy,match_winner_1x2,p1,0.5957,,,
2026-09-19T11:32:27.875891+00:00,football,MLS,Sporting Kansas City vs Philadelphia Union,match_winner_1x2,p2,0.6519,,,
2026-09-19T11:32:27.875891+00:00,football,MLS,St. Louis CITY SC vs Toronto FC,match_winner_1x2,p1,0.6023,,,
2026-09-19T11:32:27.875891+00:00,football,MLS,Colorado Rapids vs Seattle Sounders FC,match_winner_1x2,p1,0.5199,,,
2026-09-19T11:32:27.875891+00:00,football,MLS,Nashville SC vs Chicago Fire FC,match_winner_1x2,p1,0.5566,,,
2026-09-19T11:32:27.875891+00:00,football,MLS,Real Salt Lake vs Vancouver Whitecaps,match_winner_1x2,p2,0.5506,,,
2026-09-19T11:32:27.875891+00:00,football,MLS,Portland Timbers vs Atlanta United FC,match_winner_1x2,p1,0.4815,,,
2026-09-19T22:30:11.501982+00:00,tennis,WTA,Peyton Stearns vs Iva Jovic,tennis_total_games,p2,0.714,,,
2026-09-20T09:29:46.161078+00:00,football,Serie A,Fiorentina vs Napoli,match_winner_1x2,p2,0.4018,,,
2026-09-20T09:29:46.161078+00:00,football,La Liga,Getafe vs Málaga,match_winner_1x2,p1,0.4439,,,
2026-09-20T09:29:46.161078+00:00,football,EPL,AFC Bournemouth vs Liverpool,match_winner_1x2,p2,0.4226,,,
2026-09-20T09:29:46.161078+00:00,football,Ligue 1,AJ Auxerre vs Brest,match_winner_1x2,p2,0.3976,,,
2026-09-20T09:29:46.161078+00:00,football,Serie A,Frosinone vs Como,match_winner_1x2,p2,0.6088,,,
2026-09-20T09:29:46.161078+00:00,football,EPL,Leeds United vs Crystal Palace,match_winner_1x2,p1,0.5293,,,
2026-09-20T09:29:46.161078+00:00,football,EPL,Manchester City vs Sunderland,match_winner_1x2,p1,0.7093,,,
2026-09-20T09:29:46.161078+00:00,football,Serie A,Parma vs Genoa,match_winner_1x2,p2,0.3623,,,
2026-09-20T09:29:46.161078+00:00,football,Bundesliga,Bayer Leverkusen vs RB Leipzig,match_winner_1x2,p1,0.4922,,,
2026-09-20T09:29:46.161078+00:00,football,La Liga,Atlético Madrid vs Real Madrid,match_winner_1x2,p2,0.4582,,,
2026-09-20T09:29:46.161078+00:00,football,Primeira Liga,Estrela vs Académico de Viseu,match_winner_1x2,p1,0.4449,,,
2026-09-20T09:29:46.161078+00:00,football,Primeira Liga,Vitória de Guimaraes vs Moreirense,match_winner_1x2,p1,0.6014,,,
2026-09-20T09:29:46.161078+00:00,football,Ligue 1,Nice vs Lille,match_winner_1x2,p2,0.4399,,,
2026-09-20T09:29:46.161078+00:00,football,EPL,Fulham vs Manchester United,match_winner_1x2,p2,0.4454,,,
2026-09-20T09:29:46.161078+00:00,football,Bundesliga,Schalke 04 vs SV Elversberg,match_winner_1x2,p1,0.4677,,,
2026-09-20T09:29:46.161078+00:00,football,Serie A,Juventus vs Atalanta,match_winner_1x2,p1,0.5293,,,
2026-09-20T09:29:46.161078+00:00,football,La Liga,Deportivo vs Real Betis,match_winner_1x2,p2,0.4732,,,
2026-09-20T09:29:46.161078+00:00,football,La Liga,Villarreal vs Levante,match_winner_1x2,p1,0.5683,,,
2026-09-20T09:29:46.161078+00:00,football,Primeira Liga,Estoril vs Casa Pia,match_winner_1x2,p1,0.5283,,,
2026-09-20T09:29:46.161078+00:00,football,Primeira Liga,Santa Clara vs Braga,match_winner_1x2,p2,0.3981,,,
2026-09-20T09:29:46.161078+00:00,football,Bundesliga,SC Paderborn 07 vs TSG Hoffenheim,match_winner_1x2,p2,0.5005,,,
2026-09-20T09:29:46.161078+00:00,football,Serie A,AC Milan vs Lecce,match_winner_1x2,p1,0.7393,,,
2026-09-20T09:29:46.161078+00:00,football,Ligue 1,Marseille vs Paris Saint-Germain,match_winner_1x2,p2,0.6441,,,
2026-09-20T09:29:46.161078+00:00,football,La Liga,Valencia vs Real Sociedad,match_winner_1x2,p2,0.3628,,,
2026-09-20T09:29:46.161078+00:00,football,Primeira Liga,FC Porto vs Benfica,match_winner_1x2,p2,0.364,,,
2026-09-20T09:29:46.161078+00:00,football,MLS,Inter Miami CF vs San Diego FC,match_winner_1x2,p1,0.6412,,,
2026-09-20T10:03:02.065908+00:00,tennis,WTA,Lisa Zaar vs Arianna Ovarelli,tennis_total_games,p2,0.592,,,
2026-09-20T10:03:02.065908+00:00,tennis,WTA,Alja Senica vs Enola Chiesa,tennis_total_games,p2,0.592,,,
2026-09-20T10:03:02.065908+00:00,tennis,WTA,Kylie Collins vs Jessica Hinojosa Gomez,tennis_total_games,p1,0.638,,,
2026-09-20T14:16:16.747883+00:00,tennis,WTA,Aneta Laboutkova vs Maria Toma,tennis_total_games,p2,0.592,,,
2026-09-20T14:16:16.747883+00:00,tennis,WTA,Katherine Sebov vs Gabriela Knutson,tennis_total_games,p2,0.5683,,,
2026-09-20T23:43:24.213853+00:00,tennis,WTA,Aneta Laboutkova vs Katerina Tsygourova,tennis_total_games,p2,0.6409,,,
2026-09-21T01:21:38.980952+00:00,tennis,WTA,Daria Kasatkina vs Aliaksandra Sasnovich,tennis_total_games,p1,0.5908,,,
2026-09-21T01:21:38.980952+00:00,tennis,WTA,Katie Volynets vs Elvina Kalieva,tennis_total_games,p1,0.5796,,,
2026-09-21T04:48:41.660178+00:00,football,MLS,Seattle Sounders FC vs Real Salt Lake,match_winner_1x2,p1,0.4787,,,
2026-09-21T05:06:22.104650+00:00,tennis,WTA,Kamilla Rakhimova vs Polina Kudermetova,tennis_total_games,p1,0.562,,,
2026-09-21T05:06:22.104650+00:00,tennis,WTA,Rebecca Sramkova vs Maja Chwalinska,tennis_total_games,p2,0.7524,,,
2026-09-21T05:06:22.104650+00:00,tennis,WTA,Talia Gibson vs Fiona Ferro,tennis_total_games,p1,0.59,,,
2026-09-21T05:06:22.104650+00:00,tennis,WTA,Dalila Spiteri vs Iva Primorac Pavicic,tennis_total_games,p2,0.6022,,,
2026-09-21T05:06:22.104650+00:00,tennis,WTA,Daria Egorova vs Melisa Ercan,tennis_total_games,p2,0.592,,,
2026-09-21T05:06:22.104650+00:00,tennis,WTA,Ksenia Zaytseva vs Ilay Yoruk,tennis_total_games,p1,0.5613,,,
2026-09-21T05:06:22.104650+00:00,tennis,WTA,Marie Vogt vs Ekaterina Yashina,tennis_total_games,p1,0.638,,,
2026-09-21T21:46:54.994404+00:00,tennis,WTA,Tatiana Prozorova vs Sofia Costoulas,tennis_total_games,p1,0.54,,,
2026-09-21T21:46:54.994404+00:00,tennis,WTA,Alina Charaeva vs Sofia Kenin,tennis_total_games,p2,0.5475,,,
2026-09-22T00:45:30.284048+00:00,tennis,WTA,Eva Lys vs Elena-Gabriela Ruse,tennis_total_games,p2,0.5823,,,
2026-09-22T05:07:35.889529+00:00,tennis,WTA,Alycia Parks vs Mei Yamaguchi,tennis_total_games,p1,0.5395,,,
2026-09-22T05:07:35.889529+00:00,tennis,WTA,Alevtina Ibragimova vs Yeonwoo Ku,tennis_total_games,p1,0.5675,,,
2026-09-22T05:07:35.889529+00:00,tennis,WTA,Emerson Jones vs Ma YeXin,tennis_total_games,p2,0.5457,,,
2026-09-22T05:07:35.889529+00:00,tennis,WTA,Tamara Zidansek vs Kimberly Birrell,tennis_total_games,p2,0.6464,,,
2026-09-22T05:07:35.889529+00:00,tennis,WTA,Jelena Ostapenko vs Anastasia Zakharova,tennis_total_games,p1,0.6939,,,
2026-09-22T05:07:35.889529+00:00,tennis,ATP,Masamichi Imamura vs Rio Noguchi,tennis_total_games,p1,0.592,,,
2026-09-22T10:37:32.021107+00:00,tennis,WTA,Elena Micic vs Julia Riera,tennis_total_games,p1,0.5236,,,
2026-09-22T10:37:32.021107+00:00,tennis,WTA,Martyna Kubka vs Berfu Cengiz,tennis_total_games,p1,0.6104,,,
2026-09-22T13:21:05.424190+00:00,tennis,WTA,Tian Fangran vs Elena Micic,tennis_total_games,p1,0.5767,,,
2026-09-22T21:22:03.858718+00:00,football,MLS,Atlanta United FC vs New York City FC,match_winner_1x2,p1,0.3988,,,
2026-09-22T21:22:03.858718+00:00,football,MLS,CF Montréal vs FC Cincinnati,match_winner_1x2,p2,0.3838,,,
2026-09-22T21:22:03.858718+00:00,football,MLS,Charlotte FC vs Chicago Fire FC,match_winner_1x2,p1,0.4547,,,
2026-09-22T21:22:03.858718+00:00,football,MLS,Philadelphia Union vs Orlando City SC,match_winner_1x2,p1,0.6487,,,
2026-09-22T21:22:03.858718+00:00,football,MLS,Red Bull New York vs St. Louis CITY SC,match_winner_1x2,p2,0.4187,,,
2026-09-22T21:22:03.858718+00:00,football,MLS,Austin FC vs San Diego FC,match_winner_1x2,p1,0.394,,,
2026-09-22T21:22:03.858718+00:00,football,MLS,FC Dallas vs LAFC,match_winner_1x2,p1,0.3855,,,
2026-09-22T21:22:03.858718+00:00,football,MLS,Houston Dynamo FC vs Sporting Kansas City,match_winner_1x2,p1,0.6063,,,
2026-09-22T21:22:03.858718+00:00,football,MLS,Nashville SC vs Toronto FC,match_winner_1x2,p1,0.6059,,,
2026-09-22T21:22:03.858718+00:00,football,MLS,Seattle Sounders FC vs Minnesota United FC,match_winner_1x2,p1,0.4392,,,
2026-09-22T21:22:03.858718+00:00,football,MLS,Real Salt Lake vs New England Revolution,match_winner_1x2,p1,0.3872,,,
2026-09-22T21:22:03.858718+00:00,football,MLS,LA Galaxy vs Colorado Rapids,match_winner_1x2,p1,0.3986,,,
2026-09-22T21:22:03.858718+00:00,football,MLS,San Jose Earthquakes vs Portland Timbers,match_winner_1x2,p1,0.4679,,,
2026-09-22T21:22:03.858718+00:00,football,MLS,Vancouver Whitecaps vs D.C. United,match_winner_1x2,p1,0.7419,,,
2026-09-22T21:22:03.858718+00:00,football,MLS,Columbus Crew vs Inter Miami CF,match_winner_1x2,p2,0.3793,,,
2026-09-22T22:55:11.646883+00:00,football,MLS,Seattle Sounders FC vs Sporting Kansas City,match_winner_1x2,p1,0.7079,,,
2026-09-22T22:55:11.646883+00:00,football,MLS,Chicago Fire FC vs Vancouver Whitecaps,match_winner_1x2,p2,0.3835,,,
2026-09-22T22:55:11.646883+00:00,football,Primeira Liga,Moreirense vs Gil Vicente,match_winner_1x2,p2,0.3974,,,
2026-09-22T22:55:11.646883+00:00,football,Eredivisie,PSV Eindhoven vs Heerenveen,match_winner_1x2,p1,0.7646,,,
2026-09-22T22:55:11.646883+00:00,football,Bundesliga,Borussia Dortmund vs Werder Bremen,match_winner_1x2,p1,0.6717,,,
2026-09-22T22:55:11.646883+00:00,football,Ligue 1,Lens vs Lyon,match_winner_1x2,p1,0.371,,,
2026-09-22T22:55:11.646883+00:00,football,La Liga,Málaga vs Espanyol,match_winner_1x2,p1,0.3576,,,
2026-09-22T22:55:11.646883+00:00,football,Primeira Liga,Braga vs Sporting CP,match_winner_1x2,p2,0.3901,,,
2026-09-22T22:55:11.646883+00:00,football,EPL,Arsenal vs Leeds United,match_winner_1x2,p1,0.701,,,
2026-09-22T22:55:11.646883+00:00,football,La Liga,Rayo Vallecano vs Athletic Club,match_winner_1x2,p2,0.3721,,,
2026-09-22T22:55:11.646883+00:00,football,Serie A,Genoa vs Fiorentina,match_winner_1x2,p1,0.399,,,
2026-09-22T22:55:11.646883+00:00,football,Bundesliga,1. FC Union Berlin vs SV Elversberg,match_winner_1x2,p1,0.3833,,,
2026-09-22T22:55:11.646883+00:00,football,Bundesliga,FC Augsburg vs Bayern Munich,match_winner_1x2,p2,0.7319,,,
2026-09-22T22:55:11.646883+00:00,football,Bundesliga,Mainz vs Bayer Leverkusen,match_winner_1x2,p2,0.3705,,,
2026-09-22T22:55:11.646883+00:00,football,Bundesliga,SC Paderborn 07 vs VfB Stuttgart,match_winner_1x2,p2,0.5173,,,
2026-09-22T22:55:11.646883+00:00,football,Bundesliga,TSG Hoffenheim vs Hamburg SV,match_winner_1x2,p1,0.399,,,
2026-09-22T22:55:11.646883+00:00,football,EPL,Aston Villa vs Brentford,match_winner_1x2,p2,0.3671,,,
2026-09-22T22:55:11.646883+00:00,football,EPL,Chelsea vs AFC Bournemouth,match_winner_1x2,p1,0.4704,,,
2026-09-22T22:55:11.646883+00:00,football,EPL,Ipswich Town vs Fulham,match_winner_1x2,p2,0.3728,,,
2026-09-22T22:55:11.646883+00:00,football,EPL,Sunderland vs Brighton & Hove Albion,match_winner_1x2,p2,0.3649,,,
2026-09-22T22:55:11.646883+00:00,football,La Liga,Alavés vs Atlético Madrid,match_winner_1x2,p2,0.4557,,,
2026-09-22T22:55:11.646883+00:00,football,Primeira Liga,Casa Pia vs Santa Clara,match_winner_1x2,p2,0.4874,,,
2026-09-22T22:55:11.646883+00:00,football,Eredivisie,Go Ahead Eagles vs Sparta Rotterdam,match_winner_1x2,p1,0.5116,,,
2026-09-22T22:55:11.646883+00:00,football,Ligue 1,Lille vs Le Havre AC,match_winner_1x2,p1,0.6435,,,
2026-09-22T22:55:11.646883+00:00,football,Serie A,Internazionale vs Parma,match_winner_1x2,p1,0.7742,,,
2026-09-22T22:55:11.646883+00:00,football,La Liga,Barcelona vs Getafe,match_winner_1x2,p1,0.8826,,,
2026-09-22T22:55:11.646883+00:00,football,EPL,Manchester United vs Tottenham Hotspur,match_winner_1x2,p1,0.5272,,,
2026-09-22T22:55:11.646883+00:00,football,Bundesliga,RB Leipzig vs Eintracht Frankfurt,match_winner_1x2,p1,0.5386,,,
2026-09-22T22:55:11.646883+00:00,football,Eredivisie,Feyenoord Rotterdam vs AZ Alkmaar,match_winner_1x2,p1,0.4702,,,
2026-09-22T22:55:11.646883+00:00,football,Primeira Liga,Maritimo vs FC Porto,match_winner_1x2,draw,0.392,,,
2026-09-22T22:55:11.646883+00:00,football,MLS,Toronto FC vs CF Montréal,match_winner_1x2,p1,0.7742,,,
2026-09-22T22:55:11.646883+00:00,football,Eredivisie,Fortuna Sittard vs FC Twente,match_winner_1x2,p2,0.6281,,,
2026-09-22T22:55:11.646883+00:00,football,MLS,Chicago Fire FC vs New York City FC,match_winner_1x2,p1,0.4623,,,
2026-09-22T22:55:11.646883+00:00,football,Ligue 1,AS Monaco vs Toulouse,match_winner_1x2,p1,0.5519,,,
2026-09-22T22:55:11.646883+00:00,football,Ligue 1,Brest vs Angers,match_winner_1x2,p1,0.4549,,,
2026-09-22T22:55:11.646883+00:00,football,Ligue 1,Lorient vs Paris FC,match_winner_1x2,p2,0.3966,,,
2026-09-22T22:55:11.646883+00:00,football,Serie A,Napoli vs Frosinone,match_winner_1x2,draw,0.3374,,,
2026-09-22T22:55:11.646883+00:00,football,Ligue 1,Paris Saint-Germain vs Le Mans,match_winner_1x2,p1,0.8794,,,
2026-09-22T22:55:11.646883+00:00,football,Eredivisie,Ajax Amsterdam vs NEC Nijmegen,match_winner_1x2,p1,0.7321,,,
2026-09-22T22:55:11.646883+00:00,football,La Liga,Real Madrid vs Villarreal,match_winner_1x2,p1,0.7366,,,
2026-09-22T22:55:11.646883+00:00,football,Primeira Liga,Académico de Viseu vs Estoril,match_winner_1x2,p1,0.4148,,,
2026-09-22T22:55:11.646883+00:00,football,MLS,Atlanta United FC vs FC Cincinnati,match_winner_1x2,p1,0.5551,,,
2026-09-22T22:55:11.646883+00:00,football,MLS,Charlotte FC vs FC Dallas,match_winner_1x2,p1,0.5092,,,
2026-09-22T22:55:11.646883+00:00,football,MLS,Inter Miami CF vs D.C. United,match_winner_1x2,p1,0.6234,,,
2026-09-22T22:55:11.646883+00:00,football,MLS,New England Revolution vs Seattle Sounders FC,match_winner_1x2,p1,0.7079,,,
2026-09-22T22:55:11.646883+00:00,football,MLS,Orlando City SC vs Columbus Crew,match_winner_1x2,p1,0.5092,,,
2026-09-22T22:55:11.646883+00:00,football,MLS,Philadelphia Union vs Real Salt Lake,match_winner_1x2,p1,0.878,,,
2026-09-22T22:55:11.646883+00:00,football,MLS,Red Bull New York vs San Diego FC,match_winner_1x2,p1,0.6234,,,
2026-09-22T22:55:11.646883+00:00,football,MLS,Austin FC vs Nashville SC,match_winner_1x2,p1,0.5551,,,
2026-09-22T22:55:11.646883+00:00,football,MLS,Minnesota United FC vs Houston Dynamo FC,match_winner_1x2,draw,0.3374,,,
2026-09-22T22:55:11.646883+00:00,football,MLS,Sporting Kansas City vs Portland Timbers,match_winner_1x2,p1,0.4623,,,
2026-09-22T22:55:11.646883+00:00,football,MLS,Colorado Rapids vs San Jose Earthquakes,match_winner_1x2,p1,0.3456,,,
2026-09-22T22:55:11.646883+00:00,football,MLS,LAFC vs Vancouver Whitecaps,match_winner_1x2,p1,0.4623,,,
2026-09-22T22:55:11.646883+00:00,football,Eredivisie,FC Utrecht vs Willem II,match_winner_1x2,p1,0.6076,,,
2026-09-22T22:55:11.646883+00:00,football,Serie A,Como vs AS Roma,match_winner_1x2,p1,0.5092,,,
2026-09-22T22:55:11.646883+00:00,football,La Liga,Elche vs Celta Vigo,match_winner_1x2,p2,0.3458,,,
2026-09-22T22:55:11.646883+00:00,football,Eredivisie,PEC Zwolle vs SC Cambuur,match_winner_1x2,p1,0.4373,,,
2026-09-22T22:55:11.646883+00:00,football,Eredivisie,Telstar vs ADO Den Haag,match_winner_1x2,p1,0.4422,,,
2026-09-22T22:55:11.646883+00:00,football,EPL,Crystal Palace vs Nottingham Forest,match_winner_1x2,p1,0.3562,,,
2026-09-22T22:55:11.646883+00:00,football,EPL,Hull City vs Everton,match_winner_1x2,p2,0.4373,,,
2026-09-22T22:55:11.646883+00:00,football,Serie A,Lazio vs Monza,match_winner_1x2,p1,0.7742,,,
2026-09-22T22:55:11.646883+00:00,football,Serie A,Lecce vs Bologna,match_winner_1x2,p1,0.6234,,,
2026-09-22T22:55:11.646883+00:00,football,Ligue 1,Nice vs Strasbourg,match_winner_1x2,p1,0.3882,,,
2026-09-22T22:55:11.646883+00:00,football,Bundesliga,FC Cologne vs Borussia Mönchengladbach,match_winner_1x2,p1,0.4668,,,
2026-09-22T22:55:11.646883+00:00,football,La Liga,Real Sociedad vs Deportivo,match_winner_1x2,p1,0.4842,,,
2026-09-22T22:55:11.646883+00:00,football,Primeira Liga,Rio Ave vs C.D. Nacional,match_winner_1x2,p1,0.3897,,,
2026-09-22T22:55:11.646883+00:00,football,Eredivisie,Excelsior vs FC Groningen,match_winner_1x2,p1,0.3749,,,
2026-09-22T22:55:11.646883+00:00,football,Ligue 1,Stade Rennais vs AJ Auxerre,match_winner_1x2,p1,0.6661,,,
2026-09-22T22:55:11.646883+00:00,football,EPL,Liverpool vs Manchester City,match_winner_1x2,p2,0.3669,,,
2026-09-22T22:55:11.646883+00:00,football,Bundesliga,SC Freiburg vs Schalke 04,match_winner_1x2,p1,0.539,,,
2026-09-22T22:55:11.646883+00:00,football,Serie A,Sassuolo vs AC Milan,match_winner_1x2,p1,0.5551,,,
2026-09-22T22:55:11.646883+00:00,football,La Liga,Real Betis vs Osasuna,match_winner_1x2,p1,0.5528,,,
2026-09-22T22:55:11.646883+00:00,football,Primeira Liga,Benfica vs Vitória de Guimaraes,match_winner_1x2,p1,0.7742,,,
2026-09-22T22:55:11.646883+00:00,football,Serie A,Cagliari vs Juventus,match_winner_1x2,p1,0.4623,,,
2026-09-22T22:55:11.646883+00:00,football,Ligue 1,Troyes vs Marseille,match_winner_1x2,p2,0.4138,,,
2026-09-22T22:55:11.646883+00:00,football,La Liga,Racing Santander vs Valencia,match_winner_1x2,p1,0.4425,,,
2026-09-22T22:55:11.646883+00:00,football,Primeira Liga,Arouca vs Estrela,match_winner_1x2,p1,0.3935,,,
2026-09-22T22:55:11.646883+00:00,football,MLS,St. Louis CITY SC vs LA Galaxy,match_winner_1x2,p1,0.7742,,,
2026-09-22T22:55:11.646883+00:00,football,Serie A,Atalanta vs Venezia,match_winner_1x2,p1,0.7742,,,
2026-09-22T22:55:11.646883+00:00,football,Serie A,Torino vs Udinese,match_winner_1x2,p1,0.4623,,,
2026-09-22T22:55:11.646883+00:00,football,EPL,Coventry City vs Newcastle United,match_winner_1x2,p2,0.4429,,,
2026-09-22T22:55:11.646883+00:00,football,La Liga,Levante vs Sevilla,match_winner_1x2,p1,0.3576,,,
2026-09-22T22:55:11.646883+00:00,football,Primeira Liga,FC Famalicao vs Alverca,match_winner_1x2,p1,0.5092,,,
2026-09-22T22:55:11.646883+00:00,football,Champions League,Lens vs Sporting CP,match_winner_1x2,p2,0.3807,,,
2026-09-22T22:55:11.646883+00:00,football,Champions League,Sabah FK vs Slavia Prague,match_winner_1x2,p2,0.4008,,,
2026-09-22T22:55:11.646883+00:00,football,Champions League,Arsenal vs Lille,match_winner_1x2,p1,0.7369,,,
2026-09-22T22:55:11.646883+00:00,football,Champions League,Atlético Madrid vs Manchester United,match_winner_1x2,p1,0.393,,,
2026-09-22T22:55:11.646883+00:00,football,Champions League,Galatasaray vs Barcelona,match_winner_1x2,p2,0.7128,,,
2026-09-22T22:55:11.646883+00:00,football,Champions League,Internazionale vs Club Brugge,match_winner_1x2,p1,0.722,,,
2026-09-22T22:55:11.646883+00:00,football,Champions League,RB Leipzig vs PSV Eindhoven,match_winner_1x2,p1,0.4086,,,
2026-09-22T22:55:11.646883+00:00,football,Champions League,Viking FK vs Bayern Munich,match_winner_1x2,p2,0.883,,,
2026-09-22T22:55:11.646883+00:00,football,Champions League,Villarreal vs Napoli,match_winner_1x2,p1,0.3905,,,
2026-09-23T00:22:47.646022+00:00,football,Champions League,Feyenoord Rotterdam vs Como,match_winner_1x2,p2,0.454,,,
2026-09-23T00:22:47.646022+00:00,football,Champions League,LASK Linz vs Liverpool,match_winner_1x2,p2,0.7619,,,
2026-09-23T00:22:47.646022+00:00,football,Champions League,AS Roma vs Real Madrid,match_winner_1x2,p2,0.4047,,,
2026-09-23T00:22:47.646022+00:00,football,Champions League,Aston Villa vs Fenerbahce,match_winner_1x2,p1,0.5118,,,
2026-09-23T00:22:47.646022+00:00,football,Champions League,Bodo/Glimt vs Borussia Dortmund,match_winner_1x2,p2,0.4537,,,
2026-09-23T00:22:47.646022+00:00,football,Champions League,Manchester City vs Paris Saint-Germain,match_winner_1x2,p1,0.4301,,,
2026-09-23T00:22:47.646022+00:00,football,Champions League,Real Betis vs FC Porto,match_winner_1x2,p1,0.4507,,,
2026-09-23T00:22:47.646022+00:00,football,Champions League,Shakhtar Donetsk vs AEK Athens,match_winner_1x2,p2,0.3708,,,
2026-09-23T00:22:47.646022+00:00,football,Champions League,Slovan Bratislava vs VfB Stuttgart,match_winner_1x2,p2,0.6238,,,
2026-09-23T00:22:47.646022+00:00,football,MLS,CF Montréal vs Atlanta United FC,match_winner_1x2,draw,0.3374,,,
2026-09-23T00:22:47.646022+00:00,football,MLS,Columbus Crew vs Charlotte FC,match_winner_1x2,p1,0.399,,,
2026-09-23T00:22:47.646022+00:00,football,MLS,D.C. United vs Red Bull New York,match_winner_1x2,p1,0.4623,,,
2026-09-23T00:22:47.646022+00:00,football,MLS,FC Cincinnati vs New England Revolution,match_winner_1x2,draw,0.3677,,,
2026-09-23T00:22:47.646022+00:00,football,MLS,Inter Miami CF vs New York City FC,match_winner_1x2,p1,0.6234,,,
2026-09-23T00:22:47.646022+00:00,football,MLS,Toronto FC vs Orlando City SC,match_winner_1x2,p1,0.399,,,
2026-09-23T00:22:47.646022+00:00,football,MLS,Chicago Fire FC vs Philadelphia Union,match_winner_1x2,draw,0.4212,,,
2026-09-23T00:22:47.646022+00:00,football,MLS,FC Dallas vs Seattle Sounders FC,match_winner_1x2,p1,0.708,,,
2026-09-23T00:22:47.646022+00:00,football,MLS,Nashville SC vs Sporting Kansas City,match_winner_1x2,p1,0.7742,,,
2026-09-23T00:22:47.646022+00:00,football,MLS,St. Louis CITY SC vs Vancouver Whitecaps,match_winner_1x2,p1,0.708,,,
2026-09-23T00:22:47.646022+00:00,football,MLS,Colorado Rapids vs Minnesota United FC,match_winner_1x2,p1,0.708,,,
2026-09-23T00:22:47.646022+00:00,football,MLS,Real Salt Lake vs San Jose Earthquakes,match_winner_1x2,draw,0.392,,,
2026-09-23T00:22:47.646022+00:00,football,MLS,LA Galaxy vs Portland Timbers,match_winner_1x2,p1,0.6234,,,
2026-09-23T00:22:47.646022+00:00,football,MLS,LAFC vs Austin FC,match_winner_1x2,p1,0.399,,,
2026-09-23T00:22:47.646022+00:00,football,MLS,San Diego FC vs Houston Dynamo FC,match_winner_1x2,p1,0.399,,,
2026-09-23T05:07:07.505175+00:00,tennis,ATP,Aleksandr Shevchenko vs Hubert Hurkacz,tennis_total_games,p2,0.6739,,,
2026-09-23T05:07:07.505175+00:00,tennis,ATP,James Duckworth vs Lorenzo Sonego,tennis_total_games,p1,0.5614,,,
2026-09-23T05:07:07.505175+00:00,tennis,ATP,Juan Manuel Cerundolo vs Zhou Yi,tennis_total_games,p1,0.5604,,,
2026-09-23T05:07:07.505175+00:00,tennis,ATP,Nuno Borges vs Camilo Ugo Carabelli,tennis_total_games,p1,0.6076,,,
2026-09-23T05:07:07.505175+00:00,tennis,ATP,Shang Juncheng vs Adrian Mannarino,tennis_total_games,p2,0.5208,,,
2026-09-23T05:07:07.505175+00:00,tennis,ATP,Tallon Griekspoor vs Denis Shapovalov,tennis_total_games,p2,0.5221,,,
2026-09-23T06:31:36.145215+00:00,tennis,WTA,Elise Mertens vs Barbora Krejcikova,tennis_total_games,p1,0.6468,,,
2026-09-23T06:31:36.145215+00:00,tennis,WTA,Talia Gibson vs Viktoria Morvayova,tennis_total_games,p1,0.5527,,,
2026-09-23T06:31:36.145215+00:00,tennis,ATP,Bu Yunchaokete vs Michael Zheng,tennis_total_games,p2,0.5424,,,
2026-09-23T06:31:36.145215+00:00,tennis,ATP,Jaime Faria vs Terence Atmane,tennis_total_games,p1,0.541,,,
2026-09-23T06:31:36.145215+00:00,tennis,ATP,Mattia Bellucci vs Kamil Majchrzak,tennis_total_games,p2,0.5318,,,
2026-09-23T06:31:36.145215+00:00,tennis,WTA,Jelena Ostapenko vs Taylah Preston,tennis_total_games,p1,0.672,,,
2026-09-23T06:31:36.145215+00:00,tennis,WTA,Maria Sakkari vs Nao Hibino,tennis_total_games,p1,0.5909,,,
2026-09-23T06:31:36.145215+00:00,tennis,WTA,Tatiana Prozorova vs Alexandra Eala,tennis_total_games,p2,0.6495,,,
2026-09-23T06:31:36.145215+00:00,tennis,WTA,Wang Xinyu vs Joanna Garland,tennis_total_games,p1,0.5644,,,
2026-09-23T06:31:36.145215+00:00,tennis,WTA,Yeonwoo Ku vs Elena-Gabriela Ruse,tennis_total_games,p2,0.5402,,,
2026-09-23T10:07:24.790546+00:00,tennis,WTA,Mirra Andreeva vs Aliaksandra Sasnovich,tennis_total_games,p1,0.8445,,,
2026-09-23T15:06:08.842940+00:00,tennis,WTA,Veronika Erjavec vs Nuria Brancaccio,tennis_total_games,p2,0.5565,,,
2026-09-23T15:06:08.842940+00:00,tennis,WTA,Angelina Voloshchuk vs Harmony Tan,tennis_total_games,p1,0.5613,,,
2026-09-23T15:06:08.842940+00:00,tennis,WTA,Naiktha Bains vs Reese Brantmeier,tennis_total_games,p1,0.5789,,,
2026-09-23T15:06:08.842940+00:00,tennis,WTA,Samira De Stefano vs Oksana Selekhmeteva,tennis_total_games,p1,0.5222,,,
2026-09-23T15:06:08.842940+00:00,tennis,WTA,Veronika Podrez vs Mia Pohankova,tennis_total_games,p2,0.5221,,,
2026-09-23T16:36:35.124965+00:00,tennis,WTA,Deniz Dilek vs Cagla Buyukakcay,tennis_total_games,p1,0.5613,,,
2026-09-24T04:40:07.200463+00:00,football,Eredivisie,Fortuna Sittard vs FC Twente,match_winner_1x2,p1,0.3765,,,
2026-09-24T04:44:00.974456+00:00,tennis,ATP,Dane Sweeny vs Taro Daniel,tennis_total_games,p2,0.5389,,,
2026-09-24T04:44:00.974456+00:00,tennis,ATP,Fabian Marozsan vs Alex Bolt,tennis_total_games,p1,0.538,,,
2026-09-24T04:44:00.974456+00:00,tennis,ATP,Miomir Kecmanovic vs Nikoloz Basilashvili,tennis_total_games,p1,0.6655,,,
2026-09-24T04:44:00.974456+00:00,tennis,ATP,Rinky Hijikata vs Dalibor Svrcina,tennis_total_games,p1,0.5823,,,
2026-09-24T04:44:00.974456+00:00,tennis,ATP,Lloyd Harris vs Aleksandar Kovacevic,tennis_total_games,p2,0.589,,,
2026-09-24T04:44:00.974456+00:00,tennis,ATP,Martin Damm vs Shintaro Mochizuki,tennis_total_games,p1,0.5313,,,
2026-09-24T04:44:00.974456+00:00,tennis,ATP,Sun Fajing vs Roman Safiullin,tennis_total_games,p1,0.5756,,,
2026-09-24T04:44:00.974456+00:00,tennis,WTA,Berfu Cengiz vs Shi Han,tennis_total_games,p2,0.592,,,
2026-09-24T04:44:00.974456+00:00,tennis,ATP,Daniil Medvedev vs Valentin Royer,tennis_total_games,p1,0.8225,,,
2026-09-24T04:44:00.974456+00:00,tennis,WTA,Elise Mertens vs Maja Chwalinska,tennis_total_games,p1,0.5533,,,
2026-09-24T04:44:00.974456+00:00,tennis,ATP,Kyrian Jacquet vs Tomas Martin Etcheverry,tennis_total_games,p2,0.7087,,,
2026-09-24T04:44:00.974456+00:00,tennis,WTA,Lanlana Tararudee vs Maya Joint,tennis_total_games,p1,0.5911,,,
2026-09-24T04:44:00.974456+00:00,tennis,WTA,Mirra Andreeva vs Leylah Fernandez,tennis_total_games,p1,0.7344,,,
2026-09-24T04:44:00.974456+00:00,football,MLS,Real Salt Lake vs New England Revolution,match_winner_1x2,p2,0.3846,,,
2026-09-24T04:44:00.974456+00:00,football,EPL,Aston Villa vs Brentford,match_winner_1x2,p1,0.3685,,,
2026-09-24T04:44:00.974456+00:00,football,Primeira Liga,Maritimo vs FC Porto,match_winner_1x2,p2,0.6831,,,
